{"45": 1, "24": 9, "15": 9, "23": 7, "9": 5, "40": 7, "94": 8, "59": 7, "48": 4, "1": 7, "80": 9, "77": 0, "2": 1, "28": 1, "87": 1, "44": 5, "84": 5, "35": 4, "21": 9, "27": 9, "66": 7, "8": 9, "19": 8, "36": 4, "56": 8, "58": 1, "76": 5, "60": 9, "85": 2, "54": 7, "30": 2, "7": 9, "38": 0, "98": 1, "25": 1, "82": 1, "95": 4, "62": 6, "99": 1, "17": 7, "31": 8, "57": 5, "72": 0, "53": 5, "69": 0, "63": 5, "18": 7, "88": 4, "67": 9, "55": 8, "74": 6, "12": 0, "71": 4, "81": 5, "13": 8, "83": 4, "5": 7, "47": 4, "22": 1, "51": 4, "96": 2, "49": 6, "14": 6, "79": 8, "61": 0, "78": 6, "39": 2, "0": 4, "34": 7, "90": 3, "68": 0, "4": 4, "10": 3, "70": 8, "93": 3, "89": 1, "6": 5, "75": 7, "32": 2, "29": 2, "33": 8, "52": 7, "91": 7, "46": 1, "20": 3, "42": 9, "50": 3, "37": 2, "97": 0, "64": 1, "73": 6, "43": 1, "26": 3, "65": 1, "3": 0, "16": 0, "11": 9, "86": 7, "92": 5, "41": 9}